Country Name (ISO 3166-2),2 Alpha (ISO 3166-2),3 Alpha (ISO 3166-2),Numeric (ISO 3166-2),Country Name (STANAG 1059 ),2 Letter (STANAG 1059),3 Letter (STANAG 1059),Country Name (GENC),3 Letter (GENC)
Andorra,AD,AND,020,Andorra,AN,AND,Andorra,AND
United Arab Emirates      ,AE,ARE,784,United Arab Emirates,TC,ARE,United Arab Emirates,ARE
Afghanistan      ,AF,AFG,004,Afghanistan,AF,AFG,Afghanistan,AFG
Antigua and Barbuda   ,AG,ATG,028,Antigua and Barbuda,AC,ATG,Antigua and Barbuda,ATG
Anguilla      ,AI,AIA,660,Anguilla,AV,AIA,Anguilla,AIA
Albania        ,AL,ALB,008,Albania,AL,ALB,Albania,ALB
Armenia       ,AM,ARM,051,Armenia,AM,ARM,Armenia,ARM
Angola    ,AO,AGO,024,Angola,AO,AGO,Angola,AGO
Antarctica        ,AQ,ATA,010,Antarctica,AY,ATA,Antarctica,ATA
Argentina        ,AR,ARG,032,Argentina,AR,ARG,Argentina,ARG
American Samoa        ,AS,ASM,016,American Samoa,SS,ASM,American Samoa,ASM
Austria     ,AT,AUT,040,Austria,AU,AUT,Austria,AUT
Australia      ,AU,AUS,036,Australia,AS,AUS,Australia,AUS
Aruba,AW,ABW,533,Aruba,AA,ABW,Aruba,ABW
Azerbaijan    ,AZ,AZE,031,Azerbaijan,AJ,AZE,Azerbaijan,AZE
Bosnia and Herzegovina,BA,BIH,070,Bosnia-Herzegovina,BK,BIH,Bosnia and Herzegovina,BIH
Barbados,BB,BRB,052,Barbados,BB,BRB,Barbados,BRB
Bangladesh    ,BD,BGD,050,Bangladesh,BG,BGD,Bangladesh,BGD
Belgium,BE,BEL,056,Belgium,BE,BEL,Belgium,BEL
Burkina Faso,BF,BFA,854,Burkina Faso,UV,BFA,Burkina Faso,BFA
Bulgaria   ,BG,BGR,100,Bulgaria,BU,BGR,Bulgaria,BGR
Bahrain      ,BH,BHR,048,Bahrain,BA,BHR,Bahrain,BHR
Burundi,BI,BDI,108,Burundi,BY,BDI,Burundi,BDI
Benin,BJ,BEN,204,Benin,BN,BEN,Benin,BEN
Bermuda,BM,BMU,060,Bermuda,BD,BMU,Bermuda,BMU
Brunei Darussalam,BN,BRN,096,Brunei,BX,BRN,Brunei,BRN
"Bolivia, Plurinational State of",BO,BOL,068,Bolivia,BL,BOL,Bolivia,BOL
Brazil,BR,BRA,076,Brazil,BR,BRA,Brazil,BRA
Bahamas,BS,BHS,044,The Bahamas,BF,BHS,"Bahamas, The",BHS
Bhutan,BT,BTN,064,Bhutan,BT,BTN,Bhutan,BTN
Bouvet Island,BV,BVT,074,Bouvet Island,BV,BVT,Bouvet Island,BVT
Botswana,BW,BWA,072,Botswana,BC,BWA,Botswana,BWA
Belarus,BY,BLR,112,Belarus,BO,BLR,Belarus,BLR
Belize,BZ,BLZ,084,Belize,BH,BLZ,Belize,BLZ
Canada,CA,CAN,124,Canada,CA,CAN,Canada,CAN
Cocos (Keeling) Islands,CC,CCK,166,Cocos (Keeling) Islands,CK,CCK,Cocos (Keeling) Islands,CCK
"Congo, the Democratic Republic of the",CD,COD,180,Democratic Republic of the Congo,CD,COD,Congo (Kinshasa),COD
Central African Republic,CF,CAF,140,Central African Republic,CT,CAF,Central African Republic,CAF
Congo,CG,COG,178,Republic of the Congo,CF,COG,Congo (Brazzaville),COG
Switzerland,CH,CHE,756,Switzerland,SZ,CHE,Switzerland,CHE
Côte d'Ivoire,CI,CIV,384,Côte d'Ivoire,IV,CIV,Côte d'Ivoire,CIV
Cook Islands,CK,COK,184,Cook Islands,CW,COK,Cook Islands,COK
Chile,CL,CHL,152,Chile,CI,CHL,Chile,CHL
Cameroon,CM,CMR,120,Cameroun,CM,CMR,Cameroon,CMR
China,CN,CHN,156,People's Republic of China,CH,CHN,China,CHN
Colombia,CO,COL,170,Colombia,CO,COL,Colombia,COL
Costa Rica,CR,CRI,188,Costa Rica,CS,CRI,Costa Rica,CRI
Cuba,CU,CUB,192,Cuba,CU,CUB,Cuba,CUB
Cabo Verde,CV,CPV,132,Cape Verde,CV,CPV,Cabo Verde,CPV
Christmas Island,CX,CXR,162,Christmas Island,KT,CXR,Christmas Island,CXR
Cyprus,CY,CYP,196,Cyprus,CY,CYP,Cyprus,CYP
Czech Republic,CZ,CZE,203,Czech Republic,CZ,CZE,Czech Republic,CZE
Germany,DE,DEU,276,Germany,GE,DEU,Germany,DEU
Djibouti,DJ,DJI,262,Djibouti,DJ,DJI,Djibouti,DJI
Denmark,DK,DNK,208,Denmark,DA,DNK,Denmark,DNK
Dominica,DM,DMA,212,Dominica,DO,DMA,Dominica,DMA
Dominican Republic,DO,DOM,214,Dominican Republic,DR,DOM,Dominican Republic,DOM
Algeria,DZ,DZA,012,Algeria,AG,DZA,Algeria,DZA
Ecuador,EC,ECU,218,Ecuador,EC,ECU,Ecuador,ECU
Estonia,EE,EST,233,Estonia,EN,EST,Estonia,EST
Egypt,EG,EGY,818,Egypt,EG,EGY,Egypt,EGY
Western Sahara,EH,ESH,732,Western Sahara,WI,ESH,Western Sahara,ESH
Eritrea,ER,ERI,232,Eritrea,ER,ERI,Eritrea,ERI
Spain,ES,ESP,724,Spain,ES,ESP,Spain,ESP
Ethiopia,ET,ETH,231,Ethiopia,ET,ETH,Ethiopia,ETH
Finland,FI,FIN,246,Finland,FI,FIN,Finland,FIN
Fiji,FJ,FJI,242,Fiji,FJ,FJI,Fiji,FJI
Falkland Islands,FK,FLK,238,Falkland Islands,FK,FLK,Falkland Islands (Islas Malvinas),FLK
"Micronesia, Federated States of",FM,FSM,583,Federated States of Micronesia,FM,FSM,"Micronesia, Federated States Of",FSM
Faroe Islands,FO,FRO,234,Faroe Islands,FO,FRO,Faroe Islands,FRO
France,FR,FRA,250,France,FR,FRA,France,FRA
Gabon,GA,GAB,266,Gabon,GB,GAB,Gabon,GAB
United Kingdom,GB,GBR,826,United Kingdom (Great Britain and Northern Ireland),UK,GBR,United Kingdom,GBR
Grenada,GD,GRD,308,Grenada,GJ,GRD,Grenada,GRD
Georgia,GE,GEO,268,Georgia,GG,GEO,Georgia,GEO
French Guiana,GF,GUF,254,French Guiana,FG,GUF,French Guiana,GUF
Ghana,GH,GHA,288,Ghana,GH,GHA,Ghana,GHA
Gibraltar,GI,GIB,292,Gibraltar,GI,GIB,Gibraltar,GIB
Greenland,GL,GRL,304,Greenland,GL,GRL,Greenland,GRL
Gambia,GM,GMB,270,The Gambia,GA,GMB,"Gambia, The",GMB
Guinea,GN,GIN,324,Guinea,GV,GIN,Guinea,GIN
Guadeloupe,GP,GLP,312,Guadeloupe,GP,GLP,Guadeloupe,GLP
Equatorial Guinea,GQ,GNQ,226,Equatorial Guinea,EK,GNQ,Equatorial Guinea,GNQ
Greece,GR,GRC,300,Greece,GR,GRC,Greece,GRC
South Georgia and the South Sandwich Islands,GS,SGS,239,South Georgia and South Sandwich Islands,SX,SGS,South Georgia and South Sandwich Islands,SGS
Guatemala,GT,GTM,320,Guatemala,GT,GTM,Guatemala,GTM
Guam,GU,GUM,316,Guam,GQ,GUM,Guam,GUM
Guinea-Bissau,GW,GNB,624,Guinea-Bissau,PU,GNB,Guinea-Bissau,GNB
Guyana,GY,GUY,328,Guyana,GY,GUY,Guyana,GUY
Hong Kong,HK,HKG,344,Hong Kong,HK,HKG,Hong Kong,HKG
Heard Island and McDonald Islands,HM,HMD,334,Heard and McDonald Islands,HM,HMD,Heard Island and Mcdonald Islands,HMD
Honduras,HN,HND,340,Honduras,HO,HND,Honduras,HND
Croatia,HR,HRV,191,Croatia,HR,HRV,Croatia,HRV
Haiti,HT,HTI,332,Haiti,HA,HTI,Haiti,HTI
Hungary,HU,HUN,348,Hungary,HU,HUN,Hungary,HUN
Indonesia,ID,IDN,360,Indonesia,ID,IDN,Indonesia,IDN
Ireland,IE,IRL,372,Ireland,EI,IRL,Ireland,IRL
Israel,IL,ISR,376,Israel,IS,ISR,Israel,ISR
India,IN,IND,356,India,IN,IND,India,IND
British Indian Ocean Territory,IO,IOT,086,British Indian Ocean Territory,IO,IOT,British Indian Ocean Territory,IOT
Iraq,IQ,IRQ,368,Iraq,IZ,IRQ,Iraq,IRQ
"Iran, Islamic Republic of",IR,IRN,364,Iran,IR,IRN,Iran,IRN
Iceland,IS,ISL,352,Iceland,IC,ISL,Iceland,ISL
Italy,IT,ITA,380,Italy,IT,ITA,Italy,ITA
Jamaica,JM,JAM,388,Jamaica,JM,JAM,Jamaica,JAM
Jordan,JO,JOR,400,Jordan,JO,JOR,Jordan,JOR
Japan,JP,JPN,392,Japan,JA,JPN,Japan,JPN
Kenya,KE,KEN,404,Kenya,KE,KEN,Kenya,KEN
Kyrgyzstan,KG,KGZ,417,Kyrgyzstan,KG,KGZ,Kyrgyzstan,KGZ
Cambodia,KH,KHM,116,Cambodia,CB,KHM,Cambodia,KHM
Kiribati,KI,KIR,296,Kiribati,KR,KIR,Kiribati,KIR
Comoros,KM,COM,174,Comoros,CN,COM,Comoros,COM
Korea (the Democratic People's Republic of),KP,PRK,408,Democratic People's Republic of Korea,KN,PRK,"Korea, North",PRK
Korea (the Republic of),KR,KOR,410,Republic of Korea,KS,KOR,"Korea, South",KOR
Kuwait,KW,KWT,414,Kuwait,KU,KWT,Kuwait,KWT
Cayman Islands,KY,CYM,136,Cayman Islands,CJ,CYM,Cayman Islands,CYM
Kazakhstan,KZ,KAZ,398,Kazakhstan,KZ,KAZ,Kazakhstan,KAZ
Lao People's Democratic Republic,LA,LAO,418,Laos,LA,LAO,Laos,LAO
Lebanon,LB,LBN,422,Lebanon,LE,LBN,Lebanon,LBN
Saint Lucia,LC,LCA,662,Saint Lucia,ST,LCA,Saint Lucia,LCA
Liechtenstein,LI,LIE,438,Liechtenstein,LS,LIE,Liechtenstein,LIE
Sri Lanka,LK,LKA,144,Sri Lanka,CE,LKA,Sri Lanka,LKA
Liberia,LR,LBR,430,Liberia,LI,LBR,Liberia,LBR
Lesotho,LS,LSO,426,Lesotho,LT,LSO,Lesotho,LSO
Lithuania,LT,LTU,440,Lithuania,LH,LTU,Lithuania,LTU
Luxembourg,LU,LUX,442,Luxembourg,LU,LUX,Luxembourg,LUX
Latvia,LV,LVA,428,Latvia,LG,LVA,Latvia,LVA
Libya,LY,LBY,434,Libya,LY,LBY,Libya,LBY
Morocco,MA,MAR,504,Morocco,MO,MAR,Morocco,MAR
Monaco,MC,MCO,492,Monaco,MN,MCO,Monaco,MCO
"Moldova, Republic of",MD,MDA,498,Republic of Moldova,MD,MDA,Moldova,MDA
Montenegro,ME,MNE,499,Montenegro,ME,MNE,Montenegro,MNE
Madagascar,MG,MDG,450,Madagascar,MA,MDG,Madagascar,MDG
Marshall Islands,MH,MHL,584,Marshall Islands,RM,MHL,Marshall Islands,MHL
"Macedonia, the former Yugoslav Republic of",MK,MKD,807,"Macedonia, The Former Yugoslav Republic of",FY,FYR,Macedonia,MKD
Mali,ML,MLI,466,Mali,ML,MAL,Mali,MLI
Myanmar,MM,MMR,104,Myanmar,BM,MMR,Burma,MMR
Mongolia,MN,MNG,496,Mongolia,MG,MNG,Mongolia,MNG
Macao,MO,MAC,446,Macau,MC,MAC,Macau,MAC
Northern Mariana Islands,MP,MNP,580,Northern Mariana Islands,CQ,MNP,Northern Mariana Islands,MNP
Martinique,MQ,MTQ,474,Martinique,MB,MTQ,Martinique,MTQ
Mauritania,MR,MRT,478,Mauritania,MR,MRT,Mauritania,MRT
Montserrat,MS,MSR,500,Montserrat,MH,MSR,Montserrat,MSR
Malta,MT,MLT,470,Malta,MT,MLT,Malta,MLT
Mauritius,MU,MUS,480,Mauritius,MP,MUS,Mauritius,MUS
Maldives,MV,MDV,462,The Maldives,MV,MDV,Maldives,MDV
Malawi,MW,MWI,454,Malawi,MI,MWI,Malawi,MWI
Mexico,MX,MEX,484,Mexico,MX,MEX,Mexico,MEX
Malaysia,MY,MYS,458,Malaysia,MY,MYS,Malaysia,MYS
Mozambique,MZ,MOZ,508,Mozambique,MZ,MOZ,Mozambique,MOZ
Namibia,NA,NAM,516,Namibia,WA,NAM,Namibia,NAM
New Caledonia,NC,NCL,540,New Caledonia,NC,NCL,New Caledonia,NCL
Niger,NE,NER,562,Niger,NG,NER,Niger,NER
Norfolk Island,NF,NFK,574,Norfolk Island,NF,NFK,Norfolk Island,NFK
Nigeria,NG,NGA,566,Nigeria,NI,NGA,Nigeria,NGA
Nicaragua,NI,NIC,558,Nicaragua,NU,NIC,Nicaragua,NIC
Netherlands,NL,NLD,528,Netherlands,NL,NLD,Netherlands,NLD
Norway,NO,NOR,578,Norway,NO,NOR,Norway,NOR
Nepal,NP,NPL,524,Nepal,NP,NPL,Nepal,NPL
Nauru,NR,NRU,520,Nauru,NR,NRU,Nauru,NRU
Niue,NU,NIU,570,Niue,NE,NIU,Niue,NIU
New Zealand,NZ,NZL,554,New Zealand,NZ,NZL,New Zealand,NZL
Oman,OM,OMN,512,Oman,MU,OMN,Oman,OMN
Panama,PA,PAN,591,Panama,PM,PAN,Panama,PAN
Peru,PE,PER,604,Peru,PE,PER,Peru,PER
French Polynesia,PF,PYF,258,French Polynesia,FP,PYF,French Polynesia,PYF
Papua New Guinea,PG,PNG,598,Papua New Guinea,PP,PNG,Papua New Guinea,PNG
Philippines,PH,PHL,608,Philippines,RP,PHL,Philippines,PHL
Pakistan,PK,PAK,586,Pakistan,PK,PAK,Pakistan,PAK
Poland ,PL,POL,616,Poland,PL,POL,Poland,POL
Saint Pierre and Miquelon,PM,SPM,666,Saint Pierre and Miquelon,SB,SPM,Saint Pierre and Miquelon,SPM
Pitcairn,PN,PCN,612,Pitcairn Islands,PN,PCN,Pitcairn Islands,PCN
Puerto Rico,PR,PRI,630,Puerto Rico,RQ,PRI,Puerto Rico,PRI
"Palestine, State of",PS,PSE,275,Palestinian Territory,PS,PSE,,
Portugal,PT,PRT,620,Portugal,PO,PRT,Portugal,PRT
Palau,PW,PLW,585,Palau,PS,PLW,Palau,PLW
Paraguay,PY,PRY,600,Paraguay,PA,PRY,Paraguay,PRY
Qatar,QA,QAT,634,Qatar,QA,QAT,Qatar,QAT
Réunion     ,RE,REU,638,Réunion,RE,REU,Reunion,REU
Romania,RO,ROU,642,Romania,RO,ROU,Romania,ROU
Serbia,RS,SRB,688,Serbia,RS,SRB,Serbia,SRB
Russian Federation,RU,RUS,643,Russia,RU,RUS,Russia,RUS
Rwanda,RW,RWA,646,Rwanda,RW,RWA,Rwanda,RWA
Saudi Arabia,SA,SAU,682,Saudi Arabia,SA,SAU,Saudi Arabia,SAU
Solomon Islands,SB,SLB,090,Solomon Islands,BP,SLB,Solomon Islands,SLB
Seychelles,SC,SYC,690,Seychelles,SE,SYC,Seychelles,SYC
Sudan,SD,SDN,729,Sudan,SU,SDN,Sudan,SDN
Sweden,SE,SWE,752,Sweden,SW,SWE,Sweden,SWE
Singapore,SG,SGP,702,Singapore,SN,SGP,Singapore,SGP
"Saint Helena, Ascension and Tristan da Cunha",SH,SHN,654,Saint Helena,SH,SHN,"Saint Helena, Ascension, and Tristan Da Cunha",SHN
Slovenia        ,SI,SVN,705,Slovenia,SI,SVN,Slovenia,SVN
Svalbard and Jan Mayen ,SJ,SJM,744,Svalbard and Jan Mayen Islands,SJ,SJM,Svalbard,XSV
Slovakia,SK,SVK,703,Slovakia,LO,SVK,Slovakia,SVK
Sierra Leone,SL,SLE,694,Sierra Leone,SL,SLE,Sierra Leone,SLE
San Marino,SM,SMR,674,San Marino,SM,SMR,San Marino,SMR
Senegal,SN,SEN,686,Senegal,SG,SEN,Senegal,SEN
Somalia,SO,SOM,706,Somalia,SO,SOM,Somalia,SOM
Suriname,SR,SUR,740,Suriname,NS,SUR,Suriname,SUR
South Sudan,SS,SSD,728,South America,SR,SRR,South Sudan,SSD
Sao Tome and Principe,ST,STP,678,São Tomé and Príncipe,TP,STP,Sao Tome and Principe,STP
El Salvador ,SV,SLV,222,El Salvador,SV,SLV,El Salvador,SLV
Syrian Arab Republic,SY,SYR,760,Syria,SY,SYR,Syria,SYR
Swaziland,SZ,SWZ,748,Swaziland,WZ,SWZ,Swaziland,SWZ
Turks and Caicos Islands,TC,TCA,796,Turks and Caicos Islands,TK,TCA,Turks and Caicos Islands,TCA
Chad,TD,TCD,148,Chad,CD,TCD,Chad,TCD
French Southern Territories,TF,ATF,260,French Southern Territories,FS,ATF,French Southern and Antarctic Lands,ATF
Togo,TG,TGO,768,Togo,TO,TGO,Togo,TGO
Thailand,TH,THA,764,Thailand,TH,THA,Thailand,THA
Tajikistan,TJ,TJK,762,Tajikistan,TI,TJK,Tajikistan,TJK
Tokelau,TK,TKL,772,Tokelau,TK,TKL,Tokelau,TKL
Timor-Leste,TL,TLS,626,Timor-Leste,TL,TLS,Timor-Leste,TLS
Turkmenistan,TM,TKM,795,Turkmenistan,TX,TKM,Turkmenistan,TKM
Tunisia,TN,TUN,788,Tunisia,TS,TUN,Tunisia,TUN
Tonga,TO,TON,776,Tonga,TN,TON,Tonga,TON
Turkey,TR,TUR,792,Turkey,TU,TUR,Turkey,TUR
Trinidad and Tobago,TT,TTO,780,Trinidad and Tobago,TD,TTO,Trinidad and Tobago,TTO
Tuvalu,TV,TUV,798,Tuvalu,TV,TUV,Tuvalu,TUV
"Taiwan, Province of China",TW,TWN,158,Republic of China (Taiwan),TW,TWN,Taiwan,TWN
"Tanzania, United Republic of ",TZ,TZA,834,Tanzania,TZ,TZN,Tanzania,TZA
Ukraine,UA,UKR,804,Ukraine,UP,UKR,Ukraine,UKR
Uganda,UG,UGA,800,Uganda,UG,UGA,Uganda,UGA
United States Minor Outlying Islands,UM,UMI,581,U.S. Minor Outlying Islands,IQ,UMI,,
United States,US,USA,840,United States,US,USA,United States,USA
Uruguay,UY,URY,858,Uruguay,UY,URY,Uruguay,URY
Uzbekistan,UZ,UZB,860,Uzbekistan,UZ,UZB,Uzbekistan,UZB
Holy See (Vatican City State),VA,VAT,336,Vatican City (Holy See),VT,VAT,Vatican City,VAT
Saint Vincent and the Grenadines,VC,VCT,670,Saint Vincent and the Grenadines,VC,VCT,Saint Vincent and The Grenadines,VCT
"Venezuela, Bolivarian Republic of",VE,VEN,862,Venezuela,VE,VEN,Venezuela,VEN
"Virgin Islands, British",VG,VGB,092,British Virgin Islands,VS,VGB,"Virgin Islands, British",VGB
"Virgin Islands, U.S.",VI,VIR,850,U.S. Virgin Islands,VI,VIR,"Virgin Islands, U.S.",VIR
Viet Nam,VN,VNM,704,Vietnam,VM,VNM,Vietnam,VNM
Vanuatu,VU,VUT,548,Vanuatu,NH,VUT,Vanuatu,VUT
Wallis and Futuna,WF,WLF,876,Wallis and Futuna Islands,WF,WLF,Wallis and Futuna,WLF
Samoa,WS,WSM,882,Samoa,SS,WSM,Samoa,WSM
Yemen,YE,YEM,887,Yemen,YE,YEM,Yemen,YEM
South Africa ,ZA,ZAF,710,South Africa,SF,ZAF,South Africa,ZAF
Zambia,ZM,ZMB,894,Zambia,ZA,ZMB,Zambia,ZMB
Zimbabwe,ZW,ZWE,716,Zimbabwe,ZI,ZWE,Zimbabwe,ZWE
,,,,Ashmore and Cartier Islands,AT,ACI,,
,,,,Coral Sea Islands,CR,CSI,,
,,,,Europe,EE,EEE,,
,,,,Howland Island,HQ,HQI,,
,,,,Jan Mayen Island,JN,JNM,,
,,,,Johnston Atoll,JQ,JQA,,
,,,,Netherlands Antilles,NA,ANT,,
,,,,NATO countries,NT,NTT,,
,,,,Paracel Islands,PF,PFI,,
,,,,Saint Kitts and Nevis,SC,KNA,Saint Kitts and Nevis,KNA
,,,,Oceania,UU,UUU,,
